{"avg_prec": 0.6466240433982369, "roc_auc": 0.7582865884752678, "accuracy": 0.7777777777777778}