{"avg_prec": 0.6511511511511512, "roc_auc": 0.7501274859765427, "accuracy": 0.7777777777777778}